<?xml version="1.0"?>
<!--
/**
 * @category   PSystem
 * @package    PSystem_AjaxQuickCart
 * @author     Pascal System <info@pascalsystem.pl>
 * @version    1.0.2
 */
-->
<config>
	<sections>
		<psajaxquickcart translate="label" module="psbase">
			<label>Ajax Quick Cart</label>
			<tab>psystem</tab>
			<frontend_type>text</frontend_type>
			<sort_order>10</sort_order>
			<show_in_default>1</show_in_default>
			<show_in_website>1</show_in_website>
			<show_in_store>1</show_in_store>
			<groups>
				<viewcart translate="label">
					<label>View Cart</label>
					<show_in_default>1</show_in_default>
					<show_in_website>1</show_in_website>
					<show_in_store>1</show_in_store>
					<sort_order>5</sort_order>
					<fields>
						<disable translate="label,comment">
							<label>Disable</label>
							<comment><![CDATA[disable quick view cart]]></comment>
							<frontend_type>select</frontend_type>
							<source_model>adminhtml/system_config_source_yesno</source_model>
							<sort_order>5</sort_order>
							<show_in_default>1</show_in_default>
							<show_in_website>0</show_in_website>
							<show_in_store>0</show_in_store>
						</disable>
						<selector>
							<label>Seletor</label>
							<comment><![CDATA[Selector for view cart link<br />default: .top-link-cart]]></comment>
							<frontend_type>text</frontend_type>
							<sort_order>10</sort_order>
							<show_in_default>1</show_in_default>
							<show_in_website>0</show_in_website>
							<show_in_store>0</show_in_store>
						</selector>
					</fields>
				</viewcart>
				<quickcart>
					<label>Quick Cart</label>
					<show_in_default>1</show_in_default>
					<show_in_website>1</show_in_website>
					<show_in_store>1</show_in_store>
					<sort_order>10</sort_order>
					<fields>
						<disable translate="label,comment">
							<label>Disable</label>
							<comment><![CDATA[disable quick cart]]></comment>
							<frontend_type>select</frontend_type>
							<source_model>adminhtml/system_config_source_yesno</source_model>
							<sort_order>5</sort_order>
							<show_in_default>1</show_in_default>
							<show_in_website>0</show_in_website>
							<show_in_store>0</show_in_store>
						</disable>
						<selectorlist>
							<label>Seletor List</label>
							<comment><![CDATA[Selector for quick cart<br />default: .actions .btn-cart]]></comment>
							<frontend_type>text</frontend_type>
							<sort_order>20</sort_order>
							<show_in_default>1</show_in_default>
							<show_in_website>0</show_in_website>
							<show_in_store>0</show_in_store>
						</selectorlist>
						<attributelist>
							<label>Element List attribute</label>
							<comment><![CDATA[Attribute with add to cart link<br />default: onclick]]></comment>
							<frontend_type>text</frontend_type>
							<sort_order>30</sort_order>
							<show_in_default>1</show_in_default>
							<show_in_website>0</show_in_website>
							<show_in_store>0</show_in_store>
						</attributelist>
						<matchlist>
							<label>Value List attriubte match</label>
							<comment><![CDATA[Match for attribute value<br />default: setLocation('###URL###')]]></comment>
							<frontend_type>text</frontend_type>
							<sort_order>40</sort_order>
							<show_in_default>1</show_in_default>
							<show_in_website>0</show_in_website>
							<show_in_store>0</show_in_store>
						</matchlist>
						<selectorsingle>
							<label>Seletor Product Page</label>
							<comment><![CDATA[Selector for quick cart<br />default: .add-to-cart .btn-cart]]></comment>
							<frontend_type>text</frontend_type>
							<sort_order>50</sort_order>
							<show_in_default>1</show_in_default>
							<show_in_website>0</show_in_website>
							<show_in_store>0</show_in_store>
						</selectorsingle>
					</fields>
				</quickcart>
			</groups>
		</psajaxquickcart>
	</sections>
</config>