<?xml version="1.0"?>

<!--
/**
 * YouAMA.com
 *
 * NOTICE OF LICENSE
 *
 * This source file is subject to the EULA that is bundled with this package
 * on http://youama.com/freemodule-license.txt.
 *
 /****************************************************************************
 *                      MAGENTO EDITION USAGE NOTICE                         *
 ****************************************************************************/
 /* This package designed for Magento Community edition. Developer(s) of
 * YouAMA.com does not guarantee correct work of this extension on any other
 * Magento edition except Magento Community edition. YouAMA.com does not 
 * provide extension support in case of incorrect edition usage.
 /****************************************************************************
 *                               DISCLAIMER                                  *
 ****************************************************************************/
 /* Do not edit or add to this file if you wish to upgrade Magento to newer
 * versions in the future.
 *****************************************************
 * @category   Youama
 * @package    Youama_Ajaxlogin
 * @copyright  Copyright (c) 2012-2013 YouAMA.com (http://www.youama.com)
 * @license    http://youama.com/freemodule-license.txt
 */
-->

<config>
    <acl>
        <resources>
            <all>
                <title>YOUAMA Modules</title>
            </all>
            <admin>
                <children>
                    <system>
                        <children>
                            <config>
                                <children>
                                    <youamaajaxlogin translate="title">
                                        <title>YOUAMA Modules</title>
                                        <sort_order>1</sort_order>
                                    </youamaajaxlogin>
                                </children>
                            </config>
                        </children>
                    </system>
                </children>
            </admin>
        </resources>
    </acl>
</config>