<?xml version="1.0"?>

<!--
/**
 * YouAMA.com
 *
 * NOTICE OF LICENSE
 *
 * This source file is subject to the EULA that is bundled with this package
 * on http://youama.com/freemodule-license.txt.
 *
 /****************************************************************************
 *                      MAGENTO EDITION USAGE NOTICE                         *
 ****************************************************************************/
 /* This package designed for Magento Community edition. Developer(s) of
 * YouAMA.com does not guarantee correct work of this extension on any other
 * Magento edition except Magento Community edition. YouAMA.com does not 
 * provide extension support in case of incorrect edition usage.
 /****************************************************************************
 *                               DISCLAIMER                                  *
 ****************************************************************************/
 /* Do not edit or add to this file if you wish to upgrade Magento to newer
 * versions in the future.
 *****************************************************
 * @category   Youama
 * @package    Youama_Ajaxlogin
 * @copyright  Copyright (c) 2012-2013 YouAMA.com (http://www.youama.com)
 * @license    http://youama.com/freemodule-license.txt
 */
-->

<config>
    <tabs>
        <youama translate="label" module="customer">
            <label>YOUAMA</label>
            <sort_order>1</sort_order>
        </youama>
    </tabs>
    <sections>
        <youamaajaxlogin translate="label">
            <label>Youama Ajax Login and Register</label>
            <tab>youama</tab>
            <frontend_type>text</frontend_type>
            <sort_order>1</sort_order>
            <show_in_default>1</show_in_default>
            <show_in_website>1</show_in_website>
            <show_in_store>1</show_in_store>
            
            <groups>
                <settings translate="label">
                    <label>Settings</label>
                    <frontend_type>text</frontend_type>
                    <sort_order>0</sort_order>
                    <show_in_default>1</show_in_default>
                    <show_in_website>1</show_in_website>
                    <show_in_store>1</show_in_store>
                    
                    <fields>
                        <power>
                            <label>Power On</label>
                            <comment>
                                <![CDATA[Turn on Youama Ajax Login and Register Module]]>
                            </comment>
                            <frontend_type>select</frontend_type>
                            <source_model>adminhtml/system_config_source_yesno</source_model>
                            <sort_order>1</sort_order>
                            <show_in_default>1</show_in_default>
                            <show_in_website>1</show_in_website>
                            <show_in_store>1</show_in_store>
                        </power>
                        <jquery>
                            <label>jQuery</label>
                            <comment>
                                <![CDATA[Include jQuery library if your Magento has not yet]]>
                            </comment>
                            <frontend_type>select</frontend_type>
                            <source_model>adminhtml/system_config_source_yesno</source_model>
                            <sort_order>2</sort_order>
                            <show_in_default>1</show_in_default>
                            <show_in_website>1</show_in_website>
                            <show_in_store>1</show_in_store>
                        </jquery>
                    </fields>
                </settings>
            </groups>
        </youamaajaxlogin>    
    </sections>
</config>